<?xml version="1.0" encoding="UTF-8"?><?xml-stylesheet type='text/xsl' href='_UpgradeReport_Files/UpgradeReport.xslt'?><UpgradeLog>
<Properties><Property Name="Solution" Value="ValidationControls1">
</Property><Property Name="Solution File" Value="C:\Documents and Settings\kkabani\My Documents\Per\University\Loyola\RAD.NET\Fall 2011\Content\Web Programming (Week 4 thru 6)\codeweek5\ValidationControls1\ValidationControls1.sln">
</Property><Property Name="User Options File" Value="C:\Documents and Settings\kkabani\My Documents\Per\University\Loyola\RAD.NET\Fall 2011\Content\Web Programming (Week 4 thru 6)\codeweek5\ValidationControls1\ValidationControls1.suo">
</Property><Property Name="Date" Value="Tuesday, October 11, 2011">
</Property><Property Name="Time" Value="21:37 PM">
</Property></Properties><Event ErrorLevel="0" Project="" Source="ValidationControls1.sln" Description="File successfully backed up as C:\Documents and Settings\kkabani\My Documents\Per\University\Loyola\RAD.NET\Fall 2011\Content\Web Programming (Week 4 thru 6)\codeweek5\ValidationControls1\Backup\ValidationControls1.sln">
</Event><Event ErrorLevel="0" Project="" Source="ValidationControls1.suo" Description="File successfully backed up as C:\Documents and Settings\kkabani\My Documents\Per\University\Loyola\RAD.NET\Fall 2011\Content\Web Programming (Week 4 thru 6)\codeweek5\ValidationControls1\Backup\ValidationControls1.suo">
</Event><Event ErrorLevel="0" Project="ValidationControls1" Source="ValidationControls1\ValidationControls1.csproj" Description="Project file successfully backed up as C:\Documents and Settings\kkabani\My Documents\Per\University\Loyola\RAD.NET\Fall 2011\Content\Web Programming (Week 4 thru 6)\codeweek5\ValidationControls1\Backup\ValidationControls1\ValidationControls1.csproj">
</Event><Event ErrorLevel="0" Project="ValidationControls1" Source="ValidationControls1\ValidationControls1.csproj.user" Description="Project user file successfully backed up as C:\Documents and Settings\kkabani\My Documents\Per\University\Loyola\RAD.NET\Fall 2011\Content\Web Programming (Week 4 thru 6)\codeweek5\ValidationControls1\Backup\ValidationControls1\ValidationControls1.csproj.user">
</Event><Event ErrorLevel="0" Project="ValidationControls1" Source="ValidationControls1\ValidationControls1Page.aspx.cs" Description="File successfully backed up as C:\Documents and Settings\kkabani\My Documents\Per\University\Loyola\RAD.NET\Fall 2011\Content\Web Programming (Week 4 thru 6)\codeweek5\ValidationControls1\Backup\ValidationControls1\ValidationControls1Page.aspx.cs">
</Event><Event ErrorLevel="0" Project="ValidationControls1" Source="ValidationControls1\ValidationControls1Page.aspx.designer.cs" Description="File successfully backed up as C:\Documents and Settings\kkabani\My Documents\Per\University\Loyola\RAD.NET\Fall 2011\Content\Web Programming (Week 4 thru 6)\codeweek5\ValidationControls1\Backup\ValidationControls1\ValidationControls1Page.aspx.designer.cs">
</Event><Event ErrorLevel="0" Project="ValidationControls1" Source="ValidationControls1\Properties\AssemblyInfo.cs" Description="File successfully backed up as C:\Documents and Settings\kkabani\My Documents\Per\University\Loyola\RAD.NET\Fall 2011\Content\Web Programming (Week 4 thru 6)\codeweek5\ValidationControls1\Backup\ValidationControls1\Properties\AssemblyInfo.cs">
</Event><Event ErrorLevel="0" Project="ValidationControls1" Source="ValidationControls1\ValidationControls1Page.aspx" Description="File successfully backed up as C:\Documents and Settings\kkabani\My Documents\Per\University\Loyola\RAD.NET\Fall 2011\Content\Web Programming (Week 4 thru 6)\codeweek5\ValidationControls1\Backup\ValidationControls1\ValidationControls1Page.aspx">
</Event><Event ErrorLevel="0" Project="ValidationControls1" Source="ValidationControls1\Web.config" Description="File successfully backed up as C:\Documents and Settings\kkabani\My Documents\Per\University\Loyola\RAD.NET\Fall 2011\Content\Web Programming (Week 4 thru 6)\codeweek5\ValidationControls1\Backup\ValidationControls1\Web.config">
</Event><Event ErrorLevel="0" Project="ValidationControls1" Source="ValidationControls1\ValidationControls1.csproj" Description="Project converted successfully">
</Event><Event ErrorLevel="3" Project="ValidationControls1" Source="ValidationControls1\ValidationControls1.csproj" Description="Converted">
</Event><Event ErrorLevel="0" Project="" Source="ValidationControls1.sln" Description="Solution converted successfully">
</Event><Event ErrorLevel="3" Project="" Source="ValidationControls1.sln" Description="Converted">
</Event><Event ErrorLevel="0" Project="ValidationControls1" Source="ValidationControls1\ValidationControls1.csproj" Description="Scan complete: Upgrade not required for project files.">
</Event></UpgradeLog>